Jack, 2122940491, /summe 6 6
Jack, 2122940491, /howareu
Jack, 2122940491, /summe
Jack, 2122940491, /help
Jack, 2122940491, /howareu
Jack, 2122940491, /help, 2022-10-27 18:43:07.104143
Jack, 2122940491, /readnote, 2022-10-27 18:45:15.340524
Jack, 2122940491, /nmake Killin' Spree +YOUWILLDIE :), (2022-10-27 20:01:38)
Jack, 2122940491, /nmake Killin' Spree +YOUWILLDIE :), (2022-10-27 20:04:22)
Jack, 2122940491, /nmake Killin' Spree +YOUWILLDIE :), (2022-10-27 20:05:33)
Jack, 2122940491, /nread, (2022-10-27 20:05:47)
Jack, 2122940491, /nmake Killin' Spree +YOUWILLDIE :), (2022-10-27 20:10:42)
Jack, 2122940491, /nread, (2022-10-27 20:10:53)
Jack, 2122940491, /nmake HI BOB!, (2022-10-27 20:15:39)
Jack, 2122940491, /nmake Killin' Spree +YOUWILLDIE :), (2022-10-27 20:22:17)
Jack, 2122940491, /nmake AgentDennis +7-34-M17 hiremeforabb (2022-10-27 20:34:08)
Jack, 2122940491, /nread (2022-10-27 20:34:24)
Jack, 2122940491, /nread (2022-10-27 20:35:04)
Jack, 2122940491, /help (2022-10-27 21:21:40)
Jack, 2122940491, /nread (2022-10-27 21:22:41)
Jack, 2122940491, /nread (2022-10-27 21:23:31)
Jack, 2122940491, /nread (2022-10-27 21:24:01)
Jack, 2122940491, /nmake Spadge +7-34-M17 rrhand (2022-10-27 21:30:18)
Jack, 2122940491, /nread (2022-10-27 21:30:23)
